Work Order Number,Customer Number,Memo (Main),Name,Address,City,State,Zip,FixedTime,Weight,Total Weight NH,OrderDate,Quantity,Total Quantity,EqCode,Open1,Close1,Pattern1,Longitude,Latitude,OrderType,Filler,Shipment Date,Standing Appointment,Seq,County,Rt,Food Pallets, Pet Food Pallets,Chemical Pallets,Delivery Instructions,Total Case Cube,Static Appointment
975614,4027,- None -,Peruvian Civic Center of NY,37-01 Bowne St,Flushing,NY,11354,30,409,409,1/28/2026,,24, ,0830,1230,W,-73.883237,40.755793,Cold,No,1/28/2026,No,1, ,45,0.34,0,0,- None -,21.42,No
977180,85398,- None -,Wadleigh Secondary School for the Performing,215 WEST 114 STREET,New York,NY,10026,30,564,564,1/28/2026,,43, ,0830,1230,W,-73.954142,40.802207,Dry,No,1/28/2026,No,1,Manhattan,10,0.37,0,0.05,8:30-12:30,26.81,No
977184,85398,- None -,Wadleigh Secondary School for the Performing,215 WEST 114 STREET,New York,NY,10026,30,895,895,1/28/2026,,39, ,0830,1230,W,-73.954142,40.802207,Cold,No,1/28/2026,No,1,Manhattan,10,0.69,0,0,8:30-12:30,43.89,No
977330,82743,- None -,J.U.S.T.I.C.E. Organization,223 Beach 28th Street,Far Rockaway,NY,11691,30,1248,1248,1/28/2026,,46, ,0830,1230,W,-73.761226,40.595639,Dry,No,1/28/2026,No,2,Queens,2,0.47,0,0,Ring bell,29.2,No
977332,82743,- None -,J.U.S.T.I.C.E. Organization,223 Beach 28th Street,Far Rockaway,NY,11691,30,2632,2632,1/28/2026,,108, ,0830,1230,W,-73.761226,40.595639,Cold,No,1/28/2026,No,2,Queens,2,1.87,0,0,Ring bell,119.12,No
977376,85348,- None -,The Legacy Center Community Development Corp.,71-02 Cypress Hills Street,Glendale,NY,11385,30,2592,2592,1/28/2026,,104, ,0830,1230,W,-73.892395,40.701741,Cold,Yes,1/28/2026,Yes,1,Queens,14,1.84,0,0,Wednesday's,117.68,Yes
977377,85348,- None -,The Legacy Center Community Development Corp.,71-02 Cypress Hills Street,Glendale,NY,11385,30,1551,1551,1/28/2026,,74, ,0830,1230,W,-73.892395,40.701741,Dry,Yes,1/28/2026,Yes,1,Queens,14,0.63,0,0,Wednesday's,39.01,Yes
977378,84268,- None -,New Covenant Community Development Corp.,1175 Boston Road,Bronx,NY,10456,30,2226,2226,1/28/2026,,84, ,0830,1230,W,-73.90312,40.828841,Dry,Yes,1/28/2026,Yes,2,Bronx,9,0.88,0,0,- None -,55.46,Yes
977379,84268,- None -,New Covenant Community Development Corp.,1175 Boston Road,Bronx,NY,10456,30,2592,2592,1/28/2026,,104, ,0830,1230,W,-73.90312,40.828841,Cold,Yes,1/28/2026,Yes,2,Bronx,9,1.84,0,0,- None -,117.68,Yes
977380,85448,- None -,Vets Inc,143-17 Springfield Blvd,Springfield Gardens,NY,11413,30,2012,2012,1/28/2026,,90, ,0830,1230,W,-73.756857,40.668109,Dry,Yes,1/28/2026,Yes,2,Queens,4,1.2,0,0,- None -,75.82,Yes
977382,85448,- None -,Vets Inc,143-17 Springfield Blvd,Springfield Gardens,NY,11413,30,2474,2474,1/28/2026,,93, ,0830,1230,W,-73.756857,40.668109,Cold,Yes,1/28/2026,Yes,2,Queens,4,1.75,0,0,- None -,111.66,Yes
977383,85022,- None -,Taurus Associates,240-08 135th Avenue,Rosedale,NY,11422,30,1456,1456,1/28/2026,,54, ,0830,1230,W,-73.734466,40.672149,Dry,Yes,1/28/2026,Yes,1,Queens,4,0.55,0,0,- None -,34.16,Yes
977384,85022,- None -,Taurus Associates,240-08 135th Avenue,Rosedale,NY,11422,30,1424,1424,1/28/2026,,62, ,0830,1230,W,-73.734466,40.672149,Cold,Yes,1/28/2026,Yes,1,Queens,4,0.97,0,0,- None -,62.61,Yes
977502,82212,- None -,Bethel AME Church,60 West 132nd  Street,New York,NY,10037,30,3686,3686,1/28/2026,,203, ,0830,1230,W,-73.940603,40.811509,Dry,Yes,1/28/2026,Yes,3,Manhattan,10,1.89,0,0,Ring doorbell on front door,120.61,Yes
977503,82212,- None -,Bethel AME Church,60 West 132nd  Street,New York,NY,10037,30,2033,2033,1/28/2026,,82, ,0830,1230,W,-73.940603,40.811509,Cold,Yes,1/28/2026,Yes,3,Manhattan,10,1.48,0,0,Ring doorbell on front door,94.19,Yes
977531,85537,- None -,Apna Food Pantry Brighton Beach,225 Neptune Avenue,Brooklyn,NY,11235,30,3526,3526,1/28/2026,,118, ,0830,1230,W,-73.961703,40.581594,Cold,No,1/28/2026,No,2,Brooklyn,6,2.57,0,0,- None -,163.9,No
977553,82298,- None -,Primitive Christian Church,207-209 East Broadway,New York,NY,10002,30,824,824,1/28/2026,,40, ,0830,1230,W,-73.987905,40.714244,Dry,Yes,1/28/2026,Yes,1,Manhattan,21,0.37,0,0,"Delivery only on Wed, Thur or Fri.",23.2,Yes
977554,82298,- None -,Primitive Christian Church,207-209 East Broadway,New York,NY,10002,30,2744,2744,1/28/2026,,108, ,0830,1230,W,-73.987905,40.714244,Cold,Yes,1/28/2026,Yes,1,Manhattan,21,1.94,0,0,"Delivery only on Wed, Thur or Fri.",123.12,Yes
977577,80065,- None -,Gethsemane Baptist Church,771 Fairmount Place,Bronx,NY,10460,30,890,890,1/28/2026,,33, ,0830,1230,W,-73.889532,40.842956,Dry,Yes,1/28/2026,Yes,1,Bronx,1,0.35,0,0,Wed. Delivery ONLY between 8am-12noon,22.16,Yes
977578,80065,- None -,Gethsemane Baptist Church,771 Fairmount Place,Bronx,NY,10460,30,1269,1269,1/28/2026,,43, ,0830,1230,W,-73.889532,40.842956,Cold,Yes,1/28/2026,Yes,1,Bronx,1,0.91,0,0,Wed. Delivery ONLY between 8am-12noon,57.58,Yes
977579,85765,- None -,"The Disciples of Galilee, Inc.",725 Castle Hill Avenue,Bronx,NY,10473,30,284,284,1/28/2026,,21, ,0830,1230,W,-73.848646,40.821616,Dry,No,1/28/2026,No,1, ,12,0.2,0,0,- None -,12.08,No
977581,85765,- None -,"The Disciples of Galilee, Inc.",725 Castle Hill Avenue,Bronx,NY,10473,30,294,294,1/28/2026,,6, ,0830,1230,W,-73.848646,40.821616,Cold,No,1/28/2026,No,1, ,12,0.2,0,0,- None -,12.54,No
977597,84504,- None -,Blessed Virgin Mary St. Mary's Winfield,70-31 48th Avenue,Woodside,NY,11377,30,1777,1777,1/28/2026,,62, ,0830,1230,W,-73.893797,40.738317,Cold,No,1/28/2026,No,2,Queens,14,1.27,0,0,Straight Trucks Only,81.63,No
977598,84504,- None -,Blessed Virgin Mary St. Mary's Winfield,70-31 48th Avenue,Woodside,NY,11377,30,864,864,1/28/2026,,32, ,0830,1230,W,-73.893797,40.738317,Dry,No,1/28/2026,No,2,Queens,14,0.35,0,0,Straight Trucks Only,21.84,No
977624,82210,- None -,Spanish SDA Church,1038 Prospect Avenue,Bronx,NY,10459,30,3303,3303,1/28/2026,,112, ,0830,1230,W,-73.899622,40.824457,Cold,Yes,1/28/2026,Yes,1,Bronx,9,2.38,0,0,"Please, 9am - 12:30 - The best way to deliver the items is using the back part of the building, located on the Rev. James Polite side",152.59,Yes
977665,81168,- None -,Jewish Comm Council of Canarsie,1170 Pennsylvania Avenue,Brooklyn,NY,11239,30,448,448,1/28/2026,,16, ,0830,1230,W,-73.88538,40.651533,Dry,Yes,1/28/2026,Yes,1,Brooklyn,16,0.21,0,0,No Del on Friday,13.12,Yes
977667,81595,- None -,Project Lead,85-12 126th Street,Kew Gardens,NY,11415,30,448,448,1/28/2026,,16, ,0830,1230,W,-73.82771,40.70236,Dry,Yes,1/28/2026,Yes,1,Queens,5,0.21,0,0,"ILYA Requested Delivery 8:30 - 10:30, if possible.  Volunteers at another site. Morning between Lefferts Blvd and Brevvoort Street, Brown garage door on 126th Street, next door to gas station",13.12,Yes
977684,85167,- None -,ICNA Relief USA,87-91 144th Street,Jamaica,NY,11435,30,3952,3952,1/28/2026,,214, ,1230,1630,W,-73.811813,40.704531,Dry,No,1/28/2026,No,2,Queens,5,1.88,0,0,9am-4:30pm - Please ring door bell on the outside of the white metal door,119.35,No
977743,80136,- None -,The Salvation Army Tremont Corps,2121 Washington Avenue,Bronx,NY,10457,30,389,389,1/28/2026,,17, ,1230,1630,W,-73.895268,40.852013,Cold,Yes,1/28/2026,Yes,1,Bronx,45,0.29,0,0,"Please, Wed 10am-1pm & All other days, 10am-2:30pm.  Ring the bell when outside",18.21,Yes
977755,81402,- None -,National Comm. For Furtherance of Jewish Ed.,824 Eastern Parkway,Brooklyn,NY,11213,30,416,416,1/28/2026,,16, ,0830,1230,W,-73.940979,40.669328,Dry,No,1/28/2026,No,2,Brooklyn,19,0.14,0,0,"Only, Mondays and Wednesday, 9:00-2:00pm. Started, June 28th till August 20th.",8.72,No
977756,80212,- None -,SCO Family of Services/Bethany House,164 Suydam Street,Brooklyn,NY,11221,30,3083,3083,1/28/2026,,198, ,1230,1630,W,-73.926353,40.699435,Dry,Yes,1/28/2026,Yes,4,Brooklyn,18,2.03,0,0.14,Wednesday bet 9:30am 4:00PM,138.56,Yes
977757,81402,- None -,National Comm. For Furtherance of Jewish Ed.,824 Eastern Parkway,Brooklyn,NY,11213,30,800,800,1/28/2026,,20, ,0830,1230,W,-73.940979,40.669328,Cold,No,1/28/2026,No,2,Brooklyn,19,0.61,0,0,"Only, Mondays and Wednesday, 9:00-2:00pm. Started, June 28th till August 20th.",39.2,No
977758,80212,- None -,SCO Family of Services/Bethany House,164 Suydam Street,Brooklyn,NY,11221,30,590,590,1/28/2026,,35, ,1230,1630,W,-73.926353,40.699435,Cold,Yes,1/28/2026,Yes,4,Brooklyn,18,0.4,0,0,Wednesday bet 9:30am 4:00PM,25.81,Yes
977759,84740,- None -,St. James Holiness Church,89 Legion Street,Brooklyn,NY,11212,30,1052,1052,1/28/2026,,30, ,0830,1230,W,-73.917814,40.666876,Cold,Yes,1/28/2026,Yes,4,Brooklyn,16,0.71,0,0,Deliveries should be made only on Wednesday mornings.,45.28,Yes
977760,84740,- None -,St. James Holiness Church,89 Legion Street,Brooklyn,NY,11212,30,340,340,1/28/2026,,20, ,0830,1230,W,-73.917814,40.666876,Dry,Yes,1/28/2026,Yes,4,Brooklyn,16,0.15,0,0,Deliveries should be made only on Wednesday mornings.,9.9,Yes
977805,85600,- None -,Life Together Works Inc.,2347 Lafayette Avenue,Bronx,NY,10473,30,10779,10779,1/28/2026,,580, ,0830,1230,W,-73.844681,40.82385,Dry,No,1/28/2026,No,1,Bronx,70,6.59,0,0,830-2:30pm. Driver should go through the driveway and along the back for pantry entrance.,421.46,No
977806,85600,- None -,Life Together Works Inc.,2347 Lafayette Avenue,Bronx,NY,10473,30,2203,2203,1/28/2026,,79, ,0830,1230,W,-73.844681,40.82385,Cold,No,1/28/2026,No,1,Bronx,70,1.57,0,0,830-2:30pm. Driver should go through the driveway and along the back for pantry entrance.,100.43,No
977811,84189,- None -,Community Services Housing Development Corp.,547 Howard Avenue,Brooklyn,NY,11233,30,1072,1072,1/28/2026,,40, ,0830,1230,W,-73.920053,40.668898,Dry,Yes,1/28/2026,Yes,1,Brooklyn,19,0.38,0,0,Entrance on Lincoln Place,24.32,Yes
977834,80996,- None -,CCNS-St. Michael's Church,136-76 41st Avenue,Flushing,NY,11355,30,5952,5952,1/28/2026,,274, ,0830,1230,W,-73.829044,40.758668,Dry,No,1/28/2026,No,2,Queens,3,1.74,0,0,Ring bell to basement of Rectory down one flight of steps,111.02,No
977863,85328,- None -,Full Effect Gospel Ministries,900 New Lots Ave,Brooklyn,NY,11208,30,3090,3090,1/28/2026,,103, ,1230,1630,W,-73.8779,40.668427,Cold,Yes,1/28/2026,Yes,1,Brooklyn,73,2.04,0,0,9:30am - 4:30pm - Ring Doorbell,131.28,Yes
977866,85328,- None -,Full Effect Gospel Ministries,900 New Lots Ave,Brooklyn,NY,11208,30,3030,3030,1/28/2026,,157, ,1230,1630,W,-73.8779,40.668427,Dry,Yes,1/28/2026,Yes,1,Brooklyn,73,1.44,0,0,9:30am - 4:30pm - Ring Doorbell,90.42,Yes
977870,87233,- None -,Forest Hills Senior Center,108-25 62nd Drive,Forest Hills,NY,11375,30,3478,3478,1/28/2026,,130, ,0830,1230,W,-73.850212,40.73591,Dry,No,1/28/2026,No,3,Queens,14,1.58,0,0,"Deliver only Tues, Wed, Thur 9-1pm Drivers need to go down a walkway because of construction of confusion arrives call Karen",100.43,No
977872,87233,- None -,Forest Hills Senior Center,108-25 62nd Drive,Forest Hills,NY,11375,30,3262,3262,1/28/2026,,122, ,0830,1230,W,-73.850212,40.73591,Cold,No,1/28/2026,No,3,Queens,14,2.37,0,0,"Deliver only Tues, Wed, Thur 9-1pm Drivers need to go down a walkway because of construction of confusion arrives call Karen",150.72,No
977876,80604,- None -,Holy Apostles Soup Kitchen,296 9th Avenue,New York,NY,10001,30,1224,1224,1/28/2026,,44, ,0830,1230,W,-73.999188,40.749416,Dry,Yes,1/28/2026,Yes,2,Manhattan,21,0.48,0,0,Only 8am-10am,30.36,Yes
977877,80604,- None -,Holy Apostles Soup Kitchen,296 9th Avenue,New York,NY,10001,30,800,800,1/28/2026,,20, ,0830,1230,W,-73.999188,40.749416,Cold,Yes,1/28/2026,Yes,2,Manhattan,21,0.61,0,0,Only 8am-10am,39.2,Yes
977886,85320,- None -,Christ Temple of the Apostolic Faith,13 West 128th Street,New York,NY,10027,30,502,502,1/28/2026,,22, ,1230,1630,W,-73.941592,40.808655,Dry,Yes,1/28/2026,Yes,4,Manhattan,21,0.17,0,0,930am-430pm - Agency is a Breakdown has to be bring it inside carry it through 3 steps. Arrive between scheduled hours. Take items to storage area,10.96,Yes
977887,85320,- None -,Christ Temple of the Apostolic Faith,13 West 128th Street,New York,NY,10027,30,500,500,1/28/2026,,14, ,1230,1630,W,-73.941592,40.808655,Cold,Yes,1/28/2026,Yes,4,Manhattan,21,0.38,0,0,930am-430pm - Agency is a Breakdown has to be bring it inside carry it through 3 steps. Arrive between scheduled hours. Take items to storage area,24,Yes
977890,85592,- None -,Hope For Humanity Inc.,111- 113 Vermilyea Avenue,New York,NY,10034,30,2264,2264,1/28/2026,,84, ,1230,1630,W,-73.921732,40.866337,Dry,No,1/28/2026,No,3,Manhattan,72,0.86,0,0,"Available Monday- Friday 12pm-4pm, unless  the Sales order/s indicates 8:30-12:30pm.  Ring the doorbell on the RED side door",54.46,No
977893,84221,- None -,Christian Cultural Center,120-20 Flatlands Avenue,Brooklyn,NY,11207,30,5021,5021,1/28/2026,,232, ,0830,1230,W,-73.889936,40.651172,Dry,Yes,1/28/2026,Yes,2,Brooklyn,16,2.03,0,0,use gate located on Louisiana Ave across from Food Bazaar supermarket,128.91,Yes
977894,84221,- None -,Christian Cultural Center,120-20 Flatlands Avenue,Brooklyn,NY,11207,30,2281,2281,1/28/2026,,81, ,0830,1230,W,-73.889936,40.651172,Cold,Yes,1/28/2026,Yes,2,Brooklyn,16,1.65,0,0,use gate located on Louisiana Ave across from Food Bazaar supermarket,105.75,Yes
977895,83921,- None -,St. Margaret's Episcopal Church,940 East 156th Street,Bronx,NY,10455,30,80,80,1/28/2026,,5, ,1230,1630,W,-73.90032,40.816517,Cold,Yes,1/28/2026,Yes,1,Bronx,72,0.06,0,0,8/30/23 - SR Day changed to Wednesday.  Come through the gray doors at 940 E. 156th Street and ring the bell.,3.68,Yes
977919,82315,- None -,Spanish Soundview SDA,1822 Lacombe Avenue,Bronx,NY,10473,30,3373,3373,1/28/2026,,161, ,0830,1230,W,-73.861258,40.815052,Dry,Yes,1/28/2026,Yes,3,Bronx,20,1.45,0,0,Deliver ONLY 8:30 - 1:30.  Volunteers leave at 2pmWednesday. Please call Josefina Enrique - 646-256-5284  to confirm delivery,93.39,Yes
977923,82315,- None -,Spanish Soundview SDA,1822 Lacombe Avenue,Bronx,NY,10473,30,3704,3704,1/28/2026,,154, ,0830,1230,W,-73.861258,40.815052,Cold,Yes,1/28/2026,Yes,3,Bronx,20,3.09,0,0,Deliver ONLY 8:30 - 1:30.  Volunteers leave at 2pmWednesday. Please call Josefina Enrique - 646-256-5284  to confirm delivery,196.62,Yes
977937,81451,- None -,Grand Central Food Program,210 East 124th Street,New York,NY,10029,30,965,965,1/28/2026,,75, ,0830,1230,W,-73.935822,40.802813,Dry,No,1/28/2026,No,3,Manhattan,21,0.32,0,0,Deliveries should only be made to this program using a straight truck. NO DELIVERIES AFTER 3:30PM,20.75,No
977939,81451,- None -,Grand Central Food Program,210 East 124th Street,New York,NY,10029,30,570,570,1/28/2026,,45, ,0830,1230,W,-73.935822,40.802813,Cold,No,1/28/2026,No,3,Manhattan,21,0.56,0,0,Deliveries should only be made to this program using a straight truck. NO DELIVERIES AFTER 3:30PM,35.55,No
977951,85255,- None -,Project Hope Charities,170-20 140th Avenue,Jamaica,NY,11434,30,1642,1642,1/28/2026,,61, ,0830,1230,W,-73.769835,40.670977,Dry,No,1/28/2026,No,3,Queens,4,0.64,0,0,- None -,40.57,No
977953,85255,- None -,Project Hope Charities,170-20 140th Avenue,Jamaica,NY,11434,30,2642,2642,1/28/2026,,84, ,0830,1230,W,-73.769835,40.670977,Cold,No,1/28/2026,No,3,Queens,4,1.94,0,0,- None -,123.74,No
977966,85162,- None -,Every Day is a Miracle co The Almond Tree Church,2424 Jerome Ave,Bronx,NY,10468,30,2336,2336,1/28/2026,,88, ,0830,1230,W,-73.90176,40.86185,Dry,Yes,1/28/2026,Yes,1,Bronx,20,0.87,0,0,ONLY 830am-1:00pm,55.62,Yes
977967,85162,- None -,Every Day is a Miracle co The Almond Tree Church,2424 Jerome Ave,Bronx,NY,10468,30,1850,1850,1/28/2026,,50, ,0830,1230,W,-73.90176,40.86185,Cold,Yes,1/28/2026,Yes,1,Bronx,20,1.4,0,0,ONLY 830am-1:00pm,89.4,Yes
977971,84157,- None -,Harlem Dowling West Side Center,2139 Adam Clayton Powell Jr Boulevard,New York,NY,10027,30,582,582,1/28/2026,,25, ,0830,1230,W,-73.947461,40.81014,Cold,No,1/28/2026,No,2,Manhattan,10,0.42,0,0,"Please, Pallet Breakdown and bring inside.  Go to the front desk to inform us of delivery arrival.  Driver will be directed to the side door for entry and delivery completion.",26.46,No
977975,84157,- None -,Harlem Dowling West Side Center,2139 Adam Clayton Powell Jr Boulevard,New York,NY,10027,30,435,435,1/28/2026,,26, ,0830,1230,W,-73.947461,40.81014,Dry,No,1/28/2026,No,2,Manhattan,10,0.17,0,0,"Please, Pallet Breakdown and bring inside.  Go to the front desk to inform us of delivery arrival.  Driver will be directed to the side door for entry and delivery completion.",10.32,No
978007,85552,- None -,Olivet Gospel Church Community Food Distribution Program,3900 Dyre Ave,Bronx,NY,10466,30,2370,2370,1/28/2026,,85, ,0830,1230,W,-73.831265,40.889389,Cold,No,1/28/2026,No,2,Bronx,12,1.67,0,0,Wednesday morning window.  Agency also receives approx. 3-9 pallets of Produce in the morning..,106.56,No
978010,85552,- None -,Olivet Gospel Church Community Food Distribution Program,3900 Dyre Ave,Bronx,NY,10466,30,2510,2510,1/28/2026,,113, ,0830,1230,W,-73.831265,40.889389,Dry,No,1/28/2026,No,2,Bronx,12,1.08,0,0,Wednesday morning window.  Agency also receives approx. 3-9 pallets of Produce in the morning..,69.28,No
978021,84331,- None -,"SCAN-Harbor, Inc.",40 E 164th St,Bronx,NY,10452,30,3050,3050,1/28/2026,,138, ,1230,1630,W,-73.925337,40.831059,Dry,Yes,1/28/2026,Yes,2,Bronx,72,1.28,0,0,"WEDNESDAY 12:30pm-5pm, unless the Sales Order/s indicate 8:30-12:30pm.   Delivery MUST GO to Jerome btw 164th & 165th",82.25,Yes
978022,84331,- None -,"SCAN-Harbor, Inc.",40 E 164th St,Bronx,NY,10452,30,1756,1756,1/28/2026,,63, ,1230,1630,W,-73.925337,40.831059,Cold,Yes,1/28/2026,Yes,2,Bronx,72,1.26,0,0,"WEDNESDAY 12:30pm-5pm, unless the Sales Order/s indicate 8:30-12:30pm.   Delivery MUST GO to Jerome btw 164th & 165th",80.89,Yes
978023,80336,- None -,Calvary Pentecostal Church,151 Woodruff Avenue,Brooklyn,NY,11226,30,2878,2878,1/28/2026,,110, ,0830,1230,W,-73.961095,40.654342,Dry,No,1/28/2026,No,2,Brooklyn,7,1.13,0,0,NO deliveries on MONDAYS or THURSDAYS.,72.56,No
978024,85579,- None -,"MUNA Social Service, Inc.",80-50 Pitkin Ave,Ozone Park,NY,11417,30,5014,5014,1/28/2026,,218, ,0830,1230,W,-73.855033,40.675864,Dry,No,1/28/2026,No,1,Brooklyn,13,2.05,0,0,Fridays 8:30am- 12:30pm,130.43,No
978025,85579,- None -,"MUNA Social Service, Inc.",80-50 Pitkin Ave,Ozone Park,NY,11417,30,6650,6650,1/28/2026,,216, ,0830,1230,W,-73.855033,40.675864,Cold,No,1/28/2026,No,1,Brooklyn,13,4.15,0,0,Fridays 8:30am- 12:30pm,265.02,No
978031,82976,- None -,Queensboro SDA Church,96-50 222nd Street,Queens Village,NY,11429,30,4450,4450,1/28/2026,,161, ,0830,1230,W,-73.731704,40.718217,Dry,Yes,1/28/2026,Yes,2,Queens,15,1.69,0,0.06,No deliveries on Friday. Delivery: Wed 9:00am-1:00 pm,109.88,Yes
978032,82976,- None -,Queensboro SDA Church,96-50 222nd Street,Queens Village,NY,11429,30,2969,2969,1/28/2026,,111, ,0830,1230,W,-73.731704,40.718217,Cold,Yes,1/28/2026,Yes,2,Queens,15,2.11,0,0,No deliveries on Friday. Delivery: Wed 9:00am-1:00 pm,134.93,Yes
978033,81685,- None -,Father's Heart Ministries,543-545 East 11th Street,New York,NY,10009,30,624,624,1/28/2026,,28, ,0830,1230,W,-73.980741,40.728014,Dry,Yes,1/28/2026,Yes,3,Manhattan,22,0.27,0,0,Del only Wed 8AM-12Noon. Confirm with Ms. Hutchins 718-740-1033.,17.56,Yes
978035,81685,- None -,Father's Heart Ministries,543-545 East 11th Street,New York,NY,10009,30,1061,1061,1/28/2026,,27, ,0830,1230,W,-73.980741,40.728014,Cold,Yes,1/28/2026,Yes,3,Manhattan,22,0.72,0,0,Del only Wed 8AM-12Noon. Confirm with Ms. Hutchins 718-740-1033.,46.2,Yes
978036,83557,- None -,Father's Heart Ministries,543-545 East 11th Street,New York,NY,10009,30,664,664,1/28/2026,,18, ,0830,1230,W,-73.980741,40.728014,Cold,Yes,1/28/2026,Yes,3,Manhattan,22,0.46,0,0,Please ring the doorbell at the front door upon delivery.,29.38,Yes
978038,83557,- None -,Father's Heart Ministries,543-545 East 11th Street,New York,NY,10009,30,776,776,1/28/2026,,28, ,0830,1230,W,-73.980741,40.728014,Dry,Yes,1/28/2026,Yes,3,Manhattan,22,0.27,0,0,Please ring the doorbell at the front door upon delivery.,17.16,Yes
978048,87369,- None -,Project Renewal Holland House,351 West 42nd Street,New York,NY,10036,30,728,728,1/28/2026,,28, ,0830,1230,W,-73.991229,40.757848,Dry,No,1/28/2026,No,4,Manhattan,22,0.26,0,0,Inform front desk person upon arrival. Please deliver to the building between Subway Restaurant and the Walk in Medical Center. This is not the church,16.59,No
978050,80476,- None -,Unitarian Church of All Souls,1157 Lexington Avenue,New York,NY,10021,30,7046,7046,1/28/2026,,233, ,1230,1630,W,-73.95858,40.775377,Cold,Yes,1/28/2026,Yes,1,Manhattan,71,4.61,0,0,9am - 4:30pm,296.58,Yes
978052,80476,- None -,Unitarian Church of All Souls,1157 Lexington Avenue,New York,NY,10021,30,5465,5465,1/28/2026,,262, ,1230,1630,W,-73.95858,40.775377,Dry,Yes,1/28/2026,Yes,1,Manhattan,71,2.29,0,0,9am - 4:30pm,146.14,Yes
978057,85396,- None -,HS 493 K Brooklyn Collegiate: A College Board Scho,2021 Bergen Street,Brooklyn,NY,11233,30,772,772,1/28/2026,,45, ,0830,1230,W,-73.913273,40.674103,Dry,No,1/28/2026,No,2,Brooklyn,8,0.4,0,0,Can accept deliveries between 8:30am and 12:30pm,26.13,No
978058,85396,- None -,HS 493 K Brooklyn Collegiate: A College Board Scho,2021 Bergen Street,Brooklyn,NY,11233,30,924,924,1/28/2026,,46, ,0830,1230,W,-73.913273,40.674103,Cold,No,1/28/2026,No,2,Brooklyn,8,0.95,0,0,Can accept deliveries between 8:30am and 12:30pm,59.82,No
978059,85401,- None -,JHS 8 Q Richard S. Grossley,108-35 167th Street,Jamaica,NY,11433,30,5690,5690,1/28/2026,,307, ,1230,1630,W,-73.787192,40.69719,Dry,No,1/28/2026,No,4,Queens,5,3.08,0,0.32,Cannot accept deliveries after 1pm.,218.84,No
978064,82210,- None -,Spanish SDA Church,1038 Prospect Avenue,Bronx,NY,10459,30,3928,3928,1/28/2026,,171, ,0830,1230,W,-73.899622,40.824457,Dry,Yes,1/28/2026,Yes,1,Bronx,9,1.63,0,0,"Please, 9am - 12:30 - The best way to deliver the items is using the back part of the building, located on the Rev. James Polite side",103.66,Yes
978085,85582,- None -,PS 140 X,916 Eagle Ave,Bronx,NY,10456,30,630,630,1/28/2026,,42, ,1230,1630,W,-73.907948,40.823289,Dry,No,1/28/2026,No,4,Bronx,10,0.38,0,0.02,Deliveries before 1pm prefered,24.99,No
978097,81324,- None -,St. Stephen Outreach Inc.,874 Myrtle Avenue,Brooklyn,NY,11206,30,4679,4679,1/28/2026,,247, ,0830,1230,W,-73.947375,40.695579,Dry,Yes,1/28/2026,Yes,1,Brooklyn,17,1.98,0,0,8:30am - 12:30pm - Requests Stop #1 or #2,125.8,Yes
978106,81324,- None -,St. Stephen Outreach Inc.,874 Myrtle Avenue,Brooklyn,NY,11206,30,2622,2622,1/28/2026,,71, ,0830,1230,W,-73.947375,40.695579,Cold,Yes,1/28/2026,Yes,1,Brooklyn,17,1.92,0,0,8:30am - 12:30pm - Requests Stop #1 or #2,122.77,Yes
978110,85460,- None -,PS 142 M Amalia Castro,100 Attorney Street,New York,NY,10002,30,539,539,1/28/2026,,29, ,0830,1230,W,-73.984452,40.718383,Dry,No,1/28/2026,No,2,Manhattan,22,0.42,0,0,"Between 830 - 12:30pm.  When close by, Contact  Jessica at 646-574-1384 or Ashely 347-549-5870.*School can only receive on straight trucks*; hard to find parking.  Please note, pallets cannot fit through the schools entrance.",26.27,No
978117,85460,- None -,PS 142 M Amalia Castro,100 Attorney Street,New York,NY,10002,30,174,174,1/28/2026,,12, ,0830,1230,W,-73.984452,40.718383,Cold,No,1/28/2026,No,2,Manhattan,22,0.13,0,0,"Between 830 - 12:30pm.  When close by, Contact  Jessica at 646-574-1384 or Ashely 347-549-5870.*School can only receive on straight trucks*; hard to find parking.  Please note, pallets cannot fit through the schools entrance.",7.71,No
978120,82278,- None -,New Haven SDA Church,634 Prospect Place,Brooklyn,NY,11216,30,2434,2434,1/28/2026,,102, ,0830,1230,W,-73.955524,40.674865,Dry,Yes,1/28/2026,Yes,3,Brooklyn,18,0.92,0,0.02,Deliver ONLY Wednesday 9:00am-12:00pm Please call  to confirm 347-421-8664 or 718-282-5610,59.69,Yes
978127,82278,- None -,New Haven SDA Church,634 Prospect Place,Brooklyn,NY,11216,30,789,789,1/28/2026,,26, ,0830,1230,W,-73.955524,40.674865,Cold,Yes,1/28/2026,Yes,3,Brooklyn,18,0.51,0,0,Deliver ONLY Wednesday 9:00am-12:00pm Please call  to confirm 347-421-8664 or 718-282-5610,32.28,Yes
978135,83618,- None -,Shorefront Jewish Comm. Council,128 Brighton Beach Avenue,Brooklyn,NY,11235,30,1120,1120,1/28/2026,,28, ,0830,1230,W,-73.967318,40.576348,Cold,Yes,1/28/2026,Yes,1,Brooklyn,6,0.86,0,0,Deliveries 8:30-12:30pm. No Friday deliveries,54.88,Yes
978136,83618,- None -,Shorefront Jewish Comm. Council,128 Brighton Beach Avenue,Brooklyn,NY,11235,30,2077,2077,1/28/2026,,90, ,0830,1230,W,-73.967318,40.576348,Dry,Yes,1/28/2026,Yes,1,Brooklyn,6,0.74,0,0.01,Deliveries 8:30-12:30pm. No Friday deliveries,48.92,Yes
978137,80903,- None -,Jewish Community Council of the Rockaway Peninsula,1525 Central Avenue,Far Rockaway,NY,11691,30,3913,3913,1/28/2026,,171, ,0830,1230,W,-73.751391,40.605645,Dry,Yes,1/28/2026,Yes,1,Queens,2,1.61,0,0.02,"8:30-12:30pm, no later than 2pm.",103.55,Yes
978138,85186,- None -,"Pathhseo, Inc.",1357 Southern Blvd,Bronx,NY,10459,30,3728,3728,1/28/2026,,150, ,0830,1230,W,-73.891347,40.831336,Dry,Yes,1/28/2026,Yes,3,Bronx,12,1.39,0,0.02,We wish for delivery on Wednesdays 8:30AM to 12:30PM,89.36,Yes
978139,80903,- None -,Jewish Community Council of the Rockaway Peninsula,1525 Central Avenue,Far Rockaway,NY,11691,30,1568,1568,1/28/2026,,52, ,0830,1230,W,-73.751391,40.605645,Cold,Yes,1/28/2026,Yes,1,Queens,2,1.18,0,0,"8:30-12:30pm, no later than 2pm.",75.52,Yes
978140,85186,- None -,"Pathhseo, Inc.",1357 Southern Blvd,Bronx,NY,10459,30,2091,2091,1/28/2026,,67, ,0830,1230,W,-73.891347,40.831336,Cold,Yes,1/28/2026,Yes,3,Bronx,12,1.39,0,0,We wish for delivery on Wednesdays 8:30AM to 12:30PM,89.15,Yes
978147,80182,- None -,"United Bronx Parents, Inc.",603 Prospect Avenue,Bronx,NY,10455,30,2026,2026,1/28/2026,,71, ,0830,1230,W,-73.903962,40.813721,Cold,Yes,1/28/2026,Yes,2,Bronx,20,1.35,0,0,8am-3pm - PD Christian: 347-996-1879,86.45,Yes
978148,85606,- None -,GRANT HOUSE UNITY CORPORATION,2046 FLATBUSH AVENUE,Brooklyn,NY,11234,30,578,578,1/28/2026,,34, ,0830,1230,W,-73.934002,40.619954,Dry,Yes,1/28/2026,Yes,1,Brooklyn,7,0.18,0,0.02,"SR added 5/7/2024: Wednesday's, requests 8:30 - 10:30.. Distribution starts at 11am.  No loading dock.  Truck must have lift gate.  Streetside parking.  Bring curb ramp",12.67,Yes
978149,80182,- None -,"United Bronx Parents, Inc.",603 Prospect Avenue,Bronx,NY,10455,30,248,248,1/28/2026,,18, ,0830,1230,W,-73.903962,40.813721,Dry,Yes,1/28/2026,Yes,2,Bronx,20,0.08,0,0.02,8am-3pm - PD Christian: 347-996-1879,6.32,Yes
978150,85606,- None -,GRANT HOUSE UNITY CORPORATION,2046 FLATBUSH AVENUE,Brooklyn,NY,11234,30,1692,1692,1/28/2026,,86, ,0830,1230,W,-73.934002,40.619954,Cold,Yes,1/28/2026,Yes,1,Brooklyn,7,1.16,0,0,"SR added 5/7/2024: Wednesday's, requests 8:30 - 10:30.. Distribution starts at 11am.  No loading dock.  Truck must have lift gate.  Streetside parking.  Bring curb ramp",73.81,Yes
978152,81319,- None -,United Bronx Parents,787 E 149th Street,Bronx,NY,10455,30,1101,1101,1/28/2026,,32, ,0830,1230,W,-73.906944,40.812801,Cold,Yes,1/28/2026,Yes,3,Bronx,11,0.74,0,0,- None -,47.13,Yes
978153,81319,- None -,United Bronx Parents,787 E 149th Street,Bronx,NY,10455,30,248,248,1/28/2026,,18, ,0830,1230,W,-73.906944,40.812801,Dry,Yes,1/28/2026,Yes,3,Bronx,11,0.08,0,0.02,- None -,6.32,Yes
978160,84081,- None -,Bethel AME Church,215 Beach 77th  Street,Arverne,NY,11692,30,681,681,1/28/2026,,47, ,0830,1230,W,-73.804391,40.588749,Dry,No,1/28/2026,No,3,Queens,2,0.49,0,0.03,Deliveries on Wednesdays only 830am to 2:00pm,32.17,No
978161,84081,- None -,Bethel AME Church,215 Beach 77th  Street,Arverne,NY,11692,30,482,482,1/28/2026,,16, ,0830,1230,W,-73.804391,40.588749,Cold,No,1/28/2026,No,3,Queens,2,0.3,0,0,Deliveries on Wednesdays only 830am to 2:00pm,20.16,No
978166,80343,- None -,Our Lady of Grace Parish,2322 East 4th Street,Brooklyn,NY,11223,30,489,489,1/28/2026,,24, ,0830,1230,W,-73.967036,40.593604,Cold,No,1/28/2026,No,3,Brooklyn,6,0.23,0,0,Ring bell when delivering. Pallet Breakdown.,15.24,No
978169,81742,- None -,CAMBA Food Pantry,21 Snyder Avenue,Brooklyn,NY,11226,30,4557,4557,1/28/2026,,157, ,0830,1230,W,-73.957531,40.648574,Cold,Yes,1/28/2026,Yes,4,Brooklyn,19,3.17,0,0,Deliveries should be made from 9am-3:30,203.35,Yes
978170,81742,- None -,CAMBA Food Pantry,21 Snyder Avenue,Brooklyn,NY,11226,30,5022,5022,1/28/2026,,208, ,0830,1230,W,-73.957531,40.648574,Dry,Yes,1/28/2026,Yes,4,Brooklyn,19,2.44,0,0.02,Deliveries should be made from 9am-3:30,156.16,Yes
978171,83503,- None -,Our Lady of Grace Parish Ministry,2322 East 4th Street,Brooklyn,NY,11223,30,929,929,1/28/2026,,24, ,0830,1230,W,-73.967036,40.593604,Cold,No,1/28/2026,No,3,Brooklyn,6,0.59,0,0,M-F 8-12,38.35,No
978172,82261,- None -,Bushwick United Seniors Inc.,1139 Bushwick Avenue,Brooklyn,NY,11221,30,2549,2549,1/28/2026,,104, ,0830,1230,W,-73.91793,40.689389,Dry,Yes,1/28/2026,Yes,1,Brooklyn,8,0.96,0,0.02,8/6/2024 - SR Change from 12:30 - 4:30 to 8:30 - 12:30.  Pantry starts 12 noon.,61.63,Yes
978173,82261,- None -,Bushwick United Seniors Inc.,1139 Bushwick Avenue,Brooklyn,NY,11221,30,4011,4011,1/28/2026,,136, ,0830,1230,W,-73.91793,40.689389,Cold,Yes,1/28/2026,Yes,1,Brooklyn,8,2.8,0,0,8/6/2024 - SR Change from 12:30 - 4:30 to 8:30 - 12:30.  Pantry starts 12 noon.,179.57,Yes
978174,83503,- None -,Our Lady of Grace Parish Ministry,2322 East 4th Street,Brooklyn,NY,11223,30,874,874,1/28/2026,,52, ,0830,1230,W,-73.967036,40.593604,Dry,No,1/28/2026,No,3,Brooklyn,6,0.3,0,0.01,M-F 8-12,20.4,No
978175,80343,- None -,Our Lady of Grace Parish,2322 East 4th Street,Brooklyn,NY,11223,30,1254,1254,1/28/2026,,66, ,0830,1230,W,-73.967036,40.593604,Dry,No,1/28/2026,No,3,Brooklyn,6,0.48,0,0.01,Ring bell when delivering. Pallet Breakdown.,31.78,No
978176,85200,- None -,Masbia of Flatbush,1372 Coney Island Ave,Brooklyn,NY,11230,30,2540,2540,1/28/2026,,76, ,0830,1230,W,-73.965061,40.624126,Cold,Yes,1/28/2026,Yes,1,Brooklyn,74,1.89,0,0,"Prefers 10;30am-4:30pm. Please confirm with Rep - Can receive orders earlier, if needed. All deliveries go to 1372 Coney Island Ave Brooklyn NY 11230",120.4,Yes
978177,85200,- None -,Masbia of Flatbush,1372 Coney Island Ave,Brooklyn,NY,11230,30,1056,1056,1/28/2026,,52, ,0830,1230,W,-73.965061,40.624126,Dry,Yes,1/28/2026,Yes,1,Brooklyn,74,0.39,0,0,"Prefers 10;30am-4:30pm. Please confirm with Rep - Can receive orders earlier, if needed. All deliveries go to 1372 Coney Island Ave Brooklyn NY 11230",24.9,Yes
978178,85170,- None -,Masbia of Flatbush,1372 Coney Island Ave,Brooklyn,NY,11230,30,2326,2326,1/28/2026,,70, ,0830,1230,W,-73.965061,40.624126,Cold,Yes,1/28/2026,Yes,1,Brooklyn,74,1.72,0,0,"Prefers 10:30am -430pm. If needed, Able to receive earlier.  Please confirm deliveries with Rep.  All deliveries go to 1372 Coney Island Ave Brooklyn NY 11230",110.16,Yes
978179,85170,- None -,Masbia of Flatbush,1372 Coney Island Ave,Brooklyn,NY,11230,30,1430,1430,1/28/2026,,71, ,0830,1230,W,-73.965061,40.624126,Dry,Yes,1/28/2026,Yes,1,Brooklyn,74,0.54,0,0,"Prefers 10:30am -430pm. If needed, Able to receive earlier.  Please confirm deliveries with Rep.  All deliveries go to 1372 Coney Island Ave Brooklyn NY 11230",34.34,Yes
978186,84151,- None -,Gethsemane SDA Church,357 Empire Blvd.,Brooklyn,NY,11225,30,3693,3693,1/28/2026,,116, ,0830,1230,W,-73.950312,40.663955,Cold,No,1/28/2026,No,2,Brooklyn,18,2.32,0,0,"Call Antoine Vaval, Marlene Simpson or Marie Roselaine Rea.",148.42,No
978187,84151,- None -,Gethsemane SDA Church,357 Empire Blvd.,Brooklyn,NY,11225,30,3014,3014,1/28/2026,,125, ,0830,1230,W,-73.950312,40.663955,Dry,No,1/28/2026,No,2,Brooklyn,18,1.09,0,0.02,"Call Antoine Vaval, Marlene Simpson or Marie Roselaine Rea.",70.51,No
978188,84002,- None -,Church of God Inc.,1011 Winthrop Street,Brooklyn,NY,11212,30,2285,2285,1/28/2026,,108, ,0830,1230,W,-73.926,40.660127,Dry,No,1/28/2026,No,3,Brooklyn,19,0.88,0,0.02,- None -,57.42,No
978189,84002,- None -,Church of God Inc.,1011 Winthrop Street,Brooklyn,NY,11212,30,1144,1144,1/28/2026,,54, ,0830,1230,W,-73.926,40.660127,Cold,No,1/28/2026,No,3,Brooklyn,19,0.81,0,0,- None -,51.72,No
978190,85292,- None -,Mana Del Cielo,1700 Weeks Avenue,Bronx,NY,10457,30,5351,5351,1/28/2026,,249, ,0830,1230,W,-73.907572,40.844511,Dry,Yes,1/28/2026,Yes,1,Bronx,23,2.28,0,0.02,Prefers 8:30 - 12:30; able to receive until 3pm if needed.  Deliver to 1700 Weeks Avenue..please call Lourdes 347-224-4769,145.95,Yes
978191,85292,- None -,Mana Del Cielo,1700 Weeks Avenue,Bronx,NY,10457,30,4680,4680,1/28/2026,,180, ,0830,1230,W,-73.907572,40.844511,Cold,Yes,1/28/2026,Yes,1,Bronx,23,3.39,0,0,Prefers 8:30 - 12:30; able to receive until 3pm if needed.  Deliver to 1700 Weeks Avenue..please call Lourdes 347-224-4769,215.73,Yes
978192,84319,- None -,"Manna of Life Ministries, Inc.",1101 Boston Rd.,Bronx,NY,10459,30,2463,2463,1/28/2026,,79, ,0830,1230,W,-73.904759,40.82742,Cold,Yes,1/28/2026,Yes,2,Bronx,1,1.64,0,0,The delivery entrance is on 166th street on the corner of Boston Road,104.62,Yes
978193,84177,- None -,"Manna of Life Ministries, Inc.",1101 Boston rd.,Bronx,NY,10459,30,2226,2226,1/28/2026,,76, ,0830,1230,W,-73.904759,40.82742,Cold,Yes,1/28/2026,Yes,2,Bronx,1,1.5,0,0,The delivery entrance is on 166th street on the corner of Boston Road,95.7,Yes
978194,84319,- None -,"Manna of Life Ministries, Inc.",1101 Boston Rd.,Bronx,NY,10459,30,2094,2094,1/28/2026,,95, ,0830,1230,W,-73.904759,40.82742,Dry,Yes,1/28/2026,Yes,2,Bronx,1,0.79,0,0.02,The delivery entrance is on 166th street on the corner of Boston Road,51.02,Yes
978195,84177,- None -,"Manna of Life Ministries, Inc.",1101 Boston rd.,Bronx,NY,10459,30,2490,2490,1/28/2026,,111, ,0830,1230,W,-73.904759,40.82742,Dry,Yes,1/28/2026,Yes,2,Bronx,1,0.94,0,0.02,The delivery entrance is on 166th street on the corner of Boston Road,60.62,Yes
978198,81412,- None -,St. Stephen Outreach Community,874 Myrtle Avenue,Brooklyn,NY,11206,30,2408,2408,1/28/2026,,103, ,0830,1230,W,-73.947375,40.695579,Dry,Yes,1/28/2026,Yes,1,Brooklyn,17,0.91,0,0.02,8:30 am - 12:30 pm- Requests Stop #1 or #2,59.23,Yes
978199,81412,- None -,St. Stephen Outreach Community,874 Myrtle Avenue,Brooklyn,NY,11206,30,768,768,1/28/2026,,20, ,0830,1230,W,-73.947375,40.695579,Cold,Yes,1/28/2026,Yes,1,Brooklyn,17,0.51,0,0,8:30 am - 12:30 pm- Requests Stop #1 or #2,32.64,Yes
978202,85086,- None -,Metropolitan Council on Jewish Poverty,5361 Preston Court,Brooklyn,NY,11234,30,456,456,1/28/2026,,26, ,0830,1230,W,-73.924857,40.637943,Dry,Yes,1/28/2026,Yes,3,Brooklyn,8,0.14,0,0.02,Met Council warehouse,10,Yes
978203,85583,- None -,Met Council Mobile Pantry,5361 Preston Court,Brooklyn,NY,11234,30,784,784,1/28/2026,,42, ,0830,1230,W,-73.924857,40.637943,Dry,No,1/28/2026,No,3,Brooklyn,8,0.25,0,0.01,MET Council warehouse,17.01,No
978213,85561,- None -,THE TEMPLE OF RESTORATION FOOD PANTRY,18 Herkimer Place,Brooklyn,NY,11216,30,2746,2746,1/28/2026,,146, ,0830,1230,W,-73.951343,40.679036,Dry,No,1/28/2026,No,2,Brooklyn,17,1.22,0,0.07,Enter parking lot on 74 3rd ave. Brooklyn,81.66,No
978214,85561,- None -,THE TEMPLE OF RESTORATION FOOD PANTRY,18 Herkimer Place,Brooklyn,NY,11216,30,1574,1574,1/28/2026,,59, ,0830,1230,W,-73.951343,40.679036,Cold,No,1/28/2026,No,2,Brooklyn,17,1.13,0,0,Enter parking lot on 74 3rd ave. Brooklyn,71.63,No
978218,81741,- None -,Esther Grunblat Center of Central Queens,108-13 67th Road,Forest Hills,NY,11375,30,820,820,1/28/2026,,40, ,0830,1230,W,-73.846891,40.728394,Dry,No,1/28/2026,No,1,Queens,3,0.44,0,0,- None -,28.1,No
978220,81741,- None -,Esther Grunblat Center of Central Queens,108-13 67th Road,Forest Hills,NY,11375,30,440,440,1/28/2026,,11, ,0830,1230,W,-73.846891,40.728394,Cold,No,1/28/2026,No,1,Queens,3,0.34,0,0,- None -,21.56,No
978222,85499,- None -,Mosholu Montefiore Community Center FP,3450 Dekalb Avenue,Bronx,NY,10467,30,3924,3924,1/28/2026,,208, ,0830,1230,W,-73.881226,40.881486,Dry,No,1/28/2026,No,1,Bronx,11,1.73,0,0,Access the parking garage,110.53,No
978227,85484,- None -,Pomonok Food Pantry,67-09 Kissena Blvd.,Kew Gardens,NY,11367,30,1824,1824,1/28/2026,,84, ,0830,1230,W,-73.814726,40.735033,Dry,No,1/28/2026,No,1,Queens,15,0.74,0,0.02,Please contact us upon arrival,48.43,No
978233,85649,- None -,The Lower Eastside Girls Club ,402 East 8th Street,New York,NY,10009,30,960,960,1/28/2026,,50, ,0830,1230,W,-73.976319,40.723802,Dry,No,1/28/2026,No,1,Manhattan,22,0.34,0,0.02,"Please text Kevin at 917-861-2093 or Nicholas (Pantry Coordinator), 201-381-0352 at 646-270-2724",22.36,No
978235,85649,- None -,The Lower Eastside Girls Club ,402 East 8th Street,New York,NY,10009,30,768,768,1/28/2026,,20, ,0830,1230,W,-73.976319,40.723802,Cold,No,1/28/2026,No,1,Manhattan,22,0.51,0,0,"Please text Kevin at 917-861-2093 or Nicholas (Pantry Coordinator), 201-381-0352 at 646-270-2724",32.64,No
978238,85484,- None -,Pomonok Food Pantry,67-09 Kissena Blvd.,Kew Gardens,NY,11367,30,1002,1002,1/28/2026,,26, ,0830,1230,W,-73.814726,40.735033,Cold,No,1/28/2026,No,1,Queens,15,0.71,0,0,Please contact us upon arrival,44.94,No
978243,85402,- None -,PS 19 Q Marino Jeantet,40-10 99th St.,Corona,NY,11368,30,2881,2881,1/28/2026,,153, ,0830,1230,W,-73.867354,40.749381,Dry,No,1/28/2026,No,3,Queens,3,1.43,0,0.01,Can Only Receive Deliveries On Monday’s. Deliveries need to be made around the block from the shipping address.,92.4,No
978246,85402,- None -,PS 19 Q Marino Jeantet,40-10 99th St.,Corona,NY,11368,30,384,384,1/28/2026,,27, ,0830,1230,W,-73.867354,40.749381,Cold,No,1/28/2026,No,3,Queens,3,0.64,0,0,Can Only Receive Deliveries On Monday’s. Deliveries need to be made around the block from the shipping address.,41.31,No
978278,85257,- None -,Original Pentecostal Apostolic Church,3901 Avenue D,Brooklyn,NY,11203,30,1305,1305,1/28/2026,,77, ,0830,1230,W,-73.939775,40.641498,Dry,No,1/28/2026,No,1,Brooklyn,18,0.59,0,0.02,Please call half an hour before delivery,38.11,No
978289,81139,- None -,Park Avenue Synagogue,50 East 87th St.,New York,NY,10128,30,518,518,1/28/2026,,36, ,0830,1230,W,-73.9578,40.781308,Dry,No,1/28/2026,No,5,Manhattan,22,0.21,0,0.02,10am - 4pm - Make confirmation call for all deliveries with Ariel.  Delivery entrance 1197 Madison Ave,13.79,No
978321,85537,- None -,Apna Food Pantry Brighton Beach,225 Neptune Avenue,Brooklyn,NY,11235,30,1316,1316,1/28/2026,,63, ,0830,1230,W,-73.961703,40.581594,Dry,No,1/28/2026,No,2,Brooklyn,6,0.87,0,0.02,- None -,56.38,No
978322,85387,- None -,New York Common Pantry,1290 Hoe Avenue,Bronx,NY,10474,30,7058,7058,1/28/2026,,282, ,0830,1230,W,-73.890495,40.830888,Dry,No,1/28/2026,No,2,Bronx,11,2.46,0,0,- None -,156.34,No
978375,85276,- None -,Children of the Light International Ministry Inc.,1171 East 95th Street,Brooklyn,NY,11236,30,3038,3038,1/28/2026,,130, ,0830,1230,W,-73.901835,40.642131,Dry,No,1/28/2026,No,3,Brooklyn,16,1.32,0,0.02,Call 15 Mins prior to arrival,84.82,No
978376,85276,- None -,Children of the Light International Ministry Inc.,1171 East 95th Street,Brooklyn,NY,11236,30,2368,2368,1/28/2026,,60, ,0830,1230,W,-73.901835,40.642131,Cold,No,1/28/2026,No,3,Brooklyn,16,1.74,0,0,Call 15 Mins prior to arrival,111.04,No
978377,84812,- None -,Full Gospel Assembly,131 Sullivan Place,Brooklyn,NY,11225,30,1802,1802,1/28/2026,,57, ,0830,1230,W,-73.956641,40.66435,Cold,No,1/28/2026,No,3,Brooklyn,7,1.23,0,0,Ring bell at top of the stairs,78.54,No
978378,84812,- None -,Full Gospel Assembly,131 Sullivan Place,Brooklyn,NY,11225,30,1711,1711,1/28/2026,,80, ,0830,1230,W,-73.956641,40.66435,Dry,No,1/28/2026,No,3,Brooklyn,7,0.8,0,0.02,Ring bell at top of the stairs,52.02,No
978484,4027,- None -,Peruvian Civic Center of NY,37-01 Bowne St,Flushing,NY,11354,30,2166,2166,1/28/2026,,1529, ,0830,1230,W,-73.883237,40.755793,Cold,No,1/28/2026,No,1, ,45,18.13,0,0,- None -,1160.26,No
978541,4031,- None -,Fortune Society,502 E 163rd St,Bronx,NY,10451,30,762,762,1/28/2026,,37, ,0830,1230,R,-73.90945,40.824301,Dry,No,1/29/2026,No,1, ,45,0,0,0.48,- None -,30.51,No
978720,85494,SR-BULK,Every Day is a Miracle - Harvest Hand Food Pantry,2626 East Tremont Avenue,Bronx,NY,10561,30,2610,2610,1/28/2026,,1470, ,0830,1230,R,-73.846291,40.842975,Cold,No,1/29/2026,No,1,Bronx,30,3.83,0,0,"Please, 8:30-3:00PM",245.4,No
978765,84103,SR-BULK,International Pentecostal,9202-14 Church Avenue,Brooklyn,NY,11236,30,13666,13666,1/28/2026,,1111, ,0830,1230,R,-73.91836,40.653809,Cold,No,1/29/2026,No,1,Brooklyn,31,9.68,0,0,Wear a mask; wait until we confirm items before leaving; call if running late.,618.6,No
978781,82716,SR-BULK,Resurrection and Life Pentecostal Church,870 East 163rd Street,Bronx,NY,10459,30,9672,9672,1/28/2026,,2154, ,0830,1230,R,-73.899073,40.821759,Cold,No,1/29/2026,No,1,Bronx,32,8.53,0,0,- None -,545.6,No
978786,83956,SR-WAREHOUSE,The Campaign Against Hunger,975 Shepherd Ave,Brooklyn,NY,11208,30,8200,8200,1/28/2026,,235, ,0830,1230,R,-73.874089,40.660966,Cold,No,1/29/2026,No,1,Brooklyn,99,6.54,0,0,Please ring the door bell if the gate is down.,419.2,No
Overall Total,,,,,,,,,"345,877.00","345,877.00",,,,,,,,,,,,,,,,,216.04,0,1.66,,"13,889.87",
