Name,Longitude,Latitude,Rt,Food Pallets,Pet Food Pallets,Chemical Pallets,Seq
Customer 001,-73.90903906592717,40.82393494763585,45,9.23,0.0,0.0,1
Customer 001,-73.90954168234038,40.82495506535507,45,0.51,0.0,0.0,1
Customer 002,-73.75457110312014,40.70595191172637,25,1.33,0.18,0.0,1
Customer 002,-73.75481294795641,40.705772365929086,25,0.75,0.0,0.0,1
Customer 003,-73.88702973397817,40.86555164559,19,8.09,0.0,0.0,1
Customer 004,-73.93725056647254,40.81882756334608,20,3.77,0.0,0.0,1
Customer 004,-73.93757229044701,40.818676515899384,20,4.59,0.0,0.0,1
Customer 005,-73.82905390354207,40.69747391202919,25,4.39,0.32,0.0,2
Customer 006,-73.96565982955099,40.80740818873632,4,0.94,0.0,0.0,3
Customer 006,-73.96517642109316,40.80741216995954,4,0.63,0.0,0.0,3
Customer 007,-73.96665280296365,40.63116428754058,15,3.55,0.0,0.0,3
Customer 007,-73.96581885251673,40.63085989357774,15,3.31,0.0,0.0,3
Customer 008,-73.90411620231987,40.81813101864817,70,0.73,0.0,0.0,4
Customer 008,-73.90384785758009,40.81796549189475,70,1.99,0.0,0.0,4
Customer 009,-73.74405287870175,40.600009486593315,1,0.19,0.0,0.0,2
Customer 010,-73.91897014191731,40.65654070000209,6,0.8,0.0,0.0,2
Customer 010,-73.91847912281948,40.65751918441702,6,0.45,0.0,0.0,2
Customer 010,-73.91921527411584,40.656792690773884,6,0.33,0.0,0.0,2
Customer 010,-73.918069553242,40.6578042197258,6,0.31,0.0,0.0,2
Customer 011,-73.92481650340132,40.652082455862505,18,1.92,0.0,0.0,2
Customer 011,-73.92462686838988,40.65190513689861,18,1.5,0.0,0.0,2
Customer 012,-74.1652722110478,40.636920669008184,16,0.31,0.0,0.0,1
Customer 012,-74.16434795296341,40.63590392647493,16,0.59,0.0,0.0,1
Customer 011,-73.92442431831802,40.65198990246223,18,1.46,0.0,0.0,2
Customer 013,-73.9379714247544,40.81574307418728,14,0.47,0.0,0.0,2
Customer 014,-73.94084004193822,40.76099884306126,5,0.51,0.0,0.0,1
Customer 014,-73.94043191849441,40.75998165199857,5,0.67,0.0,0.0,1
Customer 015,-73.91429829435131,40.82239448550935,21,0.31,0.0,0.0,4
Customer 016,-73.86437656576189,40.854973107257365,21,0.52,0.0,0.0,3
Customer 017,-73.95966142657014,40.68918573963909,30,2.5,0.0,0.0,1
Customer 018,-73.84592385676613,40.84297611177931,31,1.1,0.0,0.0,1
Customer 018,-73.84558973540135,40.84244084625383,31,7.12,0.0,0.0,1
Customer 001,-73.9097112619628,40.82357190443156,45,1.78,0.0,0.0,1
Customer 019,-73.98329931044094,40.778836484045,4,0.23,0.0,0.0,2
Customer 019,-73.98315066628308,40.77868973332669,4,0.52,0.0,0.0,2
Customer 019,-73.98357079296137,40.77950848801042,4,1.57,0.0,0.0,2
Customer 017,-73.960491117742,40.68791074875695,30,0.66,0.0,0.0,1
Customer 020,-73.79898444261066,40.70811449489744,32,0.57,0.0,0.0,1
Customer 021,-73.94670663597643,40.68093339365346,18,1.34,0.0,0.0,1
Customer 021,-73.94604227900798,40.68076367491383,18,1.39,0.0,0.0,1
Customer 002,-73.75520327212169,40.706004663477486,25,0.39,0.0,0.0,1
Customer 002,-73.75460998270592,40.70691118678927,25,0.08,0.0,0.0,1
Customer 022,-73.756756602347,40.70649711069442,2,0.59,0.0,0.0,1
Customer 023,-73.88181045003793,40.76091447600587,5,0.52,0.0,0.0,4
Customer 023,-73.88103061029791,40.76000258662734,5,1.69,0.0,0.1,4
Customer 024,-73.85135085346376,40.896883630705474,7,1.02,0.0,0.0,2
Customer 024,-73.85197678243146,40.898089343826506,7,0.37,0.0,0.0,2
Customer 025,-73.9158925078441,40.69835136729073,8,0.63,0.0,0.0,1
Customer 025,-73.91530125674404,40.69820642303767,8,0.94,0.0,0.0,1
Customer 026,-73.85557337127459,40.67584687606802,73,3.52,0.0,0.0,2
Customer 026,-73.8554831376963,40.67610829631914,73,3.95,0.0,0.0,2
Customer 027,-73.98066195659537,40.687360434885576,9,0.68,0.0,0.0,1
Customer 027,-73.97949261343375,40.68635666934033,9,0.56,0.0,0.0,1
Customer 028,-73.74349772371512,40.71519521264396,2,0.68,0.0,0.0,4
Customer 028,-73.74343725193206,40.71384528923708,2,0.18,0.0,0.0,4
Customer 029,-73.90831990645347,40.853619797063494,14,1.81,0.0,0.0,4
Customer 030,-73.97263862633669,40.63878496266752,17,2.56,0.0,0.0,2
Customer 030,-73.97247388820607,40.637992846105625,17,2.62,0.0,0.0,2
Customer 011,-73.92555430450281,40.651931509395595,18,1.39,0.0,0.0,2
Customer 013,-73.93896720488969,40.81547267147897,14,0.82,0.0,0.0,2
Customer 031,-73.89474039555732,40.85734534786821,22,1.95,0.0,0.0,1
Customer 031,-73.89503635569079,40.85679006382985,22,2.52,0.0,0.06,1
Customer 032,-73.89464414584027,40.853589534832395,21,0.25,0.0,0.0,5
Customer 032,-73.89434450171387,40.853396541373414,21,0.17,0.0,0.0,5
Customer 033,-73.85199192252,40.88677507240233,7,0.88,0.0,0.0,3
Customer 033,-73.85211363089901,40.88725114517388,7,0.8,0.0,0.0,3
Customer 034,-73.95610818925888,40.768896755175966,3,1.52,0.0,0.07,5
Customer 035,-73.77416307485291,40.594970715995146,1,0.9,0.0,0.0,3
Customer 035,-73.77457277324815,40.59605114292232,1,0.39,0.0,0.0,3
Customer 036,-73.93591692391615,40.80325822563249,14,0.19,0.0,0.37,1
Customer 020,-73.79937612299076,40.707703961112955,32,0.44,0.0,0.0,1
Customer 037,-73.98026120703442,40.6314761543859,8,0.87,0.0,0.0,3
Customer 037,-73.9795938953901,40.63158902373105,8,0.27,0.0,0.0,3
Customer 038,-73.9892410907712,40.717842608430665,3,1.02,0.0,0.0,3
Customer 038,-73.98950454588747,40.71744566073601,3,0.44,0.0,0.0,3
Customer 039,-73.92113692416197,40.84909985735391,70,0.16,0.0,0.0,2
Customer 039,-73.92111860936336,40.84904227606511,70,0.95,0.0,0.0,2
Customer 040,-73.91128512522792,40.76395482312956,5,0.49,0.0,0.0,2
Customer 040,-73.91144245177149,40.76429389653837,5,0.19,0.0,0.0,2
Customer 041,-73.93895415268634,40.759382235947626,21,0.23,0.0,0.0,2
Customer 042,-73.96647452968952,40.63208584532311,9,1.72,0.0,0.0,3
Customer 043,-73.85443641970784,40.68152075934443,1,0.37,0.0,0.0,5
Customer 044,-73.943950969423,40.685443993544496,73,0.1,0.0,0.0,1
Customer 045,-74.13303054062014,40.63550402142037,Bronx,0.44,0.0,0.0, 
Customer 045,-74.1332469318903,40.635609853145134,Bronx,1.25,0.0,0.0, 
Customer 046,-73.95678092820883,40.773204917119784,3,1.25,0.0,0.0,6
Customer 047,-73.98411846097412,40.717732838285436,3,0.25,0.0,0.0,2
Customer 048,-73.81832518415463,40.75405265049564,2,0.19,0.0,0.0,5
Customer 049,-73.90132809233144,40.84161725986629,7,0.4,0.0,0.0,1
Customer 049,-73.90081843283734,40.84263499628569,7,0.45,0.0,0.0,1
Customer 015,-73.91413553184593,40.82239450201089,21,0.2,0.0,0.0,4
Customer 050,-73.85462851943738,40.88504380789946,7,1.0,0.0,0.0,4
Customer 050,-73.85500376558664,40.88620945570873,7,0.94,0.0,0.0,4
Customer 051,-73.75316746816085,40.60737229758411,1,0.71,0.0,0.0,1
Customer 051,-73.75328673186628,40.60755108012351,1,0.81,0.0,0.0,1
Customer 052,-73.89820757611032,40.84586642009279,14,2.01,0.0,0.0,5
Customer 052,-73.89861028108417,40.8458092350955,14,0.85,0.0,0.0,5
Customer 053,-73.88916852512102,40.7618627220245,5,2.1,0.0,0.0,3
Customer 054,-73.95658499114683,40.70449809311375,10,0.47,0.0,0.0,1
Customer 055,-73.82879015350318,40.69661296220641,25,3.58,0.07,0.0,2
Customer 005,-73.82887012896393,40.696431072898946,25,1.03,0.0,0.0,2
Customer 005,-73.82918343929929,40.69723771572417,25,2.59,0.0,0.0,2
Customer 056,-73.91514119505781,40.7572560717902,2,0.79,0.0,0.0,6
Customer 057,-73.89158623543398,40.81995444568525,70,0.17,0.35,0.0,3
Customer 058,-73.98172887364404,40.71874598664543,3,0.14,0.08,0.0,1
Customer 058,-73.98182166471626,40.719025789355534,3,0.06,0.0,0.0,1
Customer 059,-73.91187495774679,40.67755950741335,6,0.3,0.0,0.0,1
Customer 059,-73.91214063765723,40.677523697440236,6,0.4,0.28,0.0,1
Customer 043,-73.85490141355677,40.68121421259302,1,0.52,0.2,0.0,5
Customer 060,-73.88613509640518,40.676333247614394,24,0.59,0.0,0.0,1
Customer 061,-73.94163633556525,40.598422117306654,15,0.86,0.0,0.0,2
Customer 061,-73.9420164549528,40.598441081363745,15,0.91,0.0,0.0,2
Customer 062,-73.91777406506378,40.689239848977614,10,2.09,0.0,0.0,2
Customer 063,-73.9173641706466,40.689007393638555,10,2.71,0.0,0.0,2
Customer 064,-73.9340888408256,40.67139788117989,23,2.34,0.36,0.0,2
Customer 064,-73.93306907857387,40.67188442120769,23,0.91,0.0,0.0,2
Customer 065,-73.96497922070525,40.76900862942308,4,0.75,0.18,0.02,1
Customer 065,-73.96503780556607,40.76837550785436,4,0.52,0.0,0.0,1
Customer 060,-73.88684086044034,40.67731118783068,24,0.98,0.24,0.0,1
Customer 066,-73.87876303673895,40.66065294279969,1,0.55,0.16,0.0,4
Customer 066,-73.87882785304663,40.66196226280353,1,0.94,0.0,0.0,4
Customer 067,-73.92623623009767,40.86604266971237,14,0.95,0.0,0.0,3
Customer 067,-73.9270843335183,40.8671593624274,14,0.62,0.0,0.0,3
Customer 068,-74.08136228889674,40.63036297971589,17,1.35,0.27,0.0,1
Customer 068,-74.08192357873921,40.63047835602088,17,0.41,0.0,0.0,1
Customer 069,-73.80356301377114,40.68901703882041,2,0.33,0.0,0.0,2
Customer 069,-73.8038092081815,40.68898321631116,2,0.96,0.12,0.0,2
Customer 070,-73.9226282137167,40.67439672491399,11,1.07,0.0,0.0,1
Customer 070,-73.92268989554842,40.67460149453186,11,0.49,0.0,0.0,1
Customer 071,-73.98413653314174,40.74827382831262,3,0.26,0.0,0.02,4
Customer 072,-73.9191771105472,40.65171110205392,9,0.49,0.0,0.0,2
Customer 072,-73.91804531982244,40.65167833430529,9,0.26,0.0,0.0,2
Customer 073,-73.96218340829046,40.65052535821618,8,0.62,0.0,0.0,2
Customer 073,-73.9625346952932,40.64993319904839,8,1.02,0.24,0.0,2
Customer 074,-73.86675762676278,40.87654063424415,71,2.2,0.06,0.0,1
Customer 074,-73.86760979419346,40.87692234490686,71,2.4,0.0,0.0,1
Customer 042,-73.96603316118015,40.631804694976246,9,2.57,0.31,0.0,3
Customer 075,-73.94500754484459,40.70710965261643,6,1.55,0.27,0.0,3
Customer 075,-73.94455689715912,40.70761681591104,6,1.22,0.0,0.0,3
Customer 076,-73.87899490500013,40.681777334052896,10,0.55,0.2,0.0,3
Customer 076,-73.87838901250375,40.681500854910794,10,0.56,0.0,0.0,3
Customer 077,-73.91396093950846,40.68010726771517,23,1.01,0.36,0.0,1
Customer 077,-73.91329026031752,40.68010558867474,23,0.8,0.0,0.0,1
Customer 078,-73.94957140792144,40.76169824334662,21,0.77,0.0,0.0,1
Customer 079,-73.92944076589842,40.65822719611959,24,1.81,0.0,0.0,2
Customer 078,-73.95002853650537,40.762235615018184,21,0.53,0.24,0.0,1
Customer 079,-73.92965364650398,40.65810331471186,24,1.75,0.24,0.0,2
Customer 080,-73.74285399139629,40.67620628689007,2,0.88,0.0,0.0,3
Customer 080,-73.74297663280954,40.67615752202931,2,0.43,0.0,0.0,3
Customer 081,-73.93137158188019,40.68024236564245,17,1.43,0.0,0.0,3
Customer 081,-73.93016456211372,40.680013541807504,17,0.7,0.0,0.0,3
Customer 082,-73.87892875884225,40.869718152184745,70,1.51,0.0,0.0,1
Customer 082,-73.88006262636651,40.87018784073316,70,0.26,0.0,0.0,1
Customer 083,-74.16028394578468,40.63287188101084,16,3.68,0.0,0.0,2
Customer 084,-73.9572281363883,40.66480658774192,15,0.56,0.24,0.0,1
Customer 085,-73.87795663986044,40.6758490834141,11,0.77,0.0,0.0,2
Customer 085,-73.87854314932424,40.675999376443905,11,1.58,0.2,0.0,2
Customer 085,-73.87797586604796,40.67548223342128,11,0.29,0.0,0.0,2
Customer 085,-73.87787450807856,40.67615233974347,11,0.65,0.24,0.0,2
Customer 086,-73.90929502876213,40.85368960688969,33,0.71,0.0,0.0,1
Customer 086,-73.91028638858107,40.85442819719322,33,0.84,0.0,0.0,1
Customer 087,-73.87346498223229,40.66150707860249,99,8.79,0.0,0.0,1
Customer 088,-73.90056567901365,40.85920015425595,31,5.3,0.0,0.0,1
Customer 055,-73.83017688116573,40.69727256961082,32,9.92,0.0,0.0,1
Customer 089,-73.89126472129591,40.830728643622344,33,6.8,0.0,0.0,1
Customer 090,-73.7824756165742,40.66953057344241,34,6.08,0.0,0.0,1
Customer 091,-73.8341823153853,40.697728739828236,45,0.76,0.0,0.0,2
Customer 092,-73.92010562279191,40.63740290973405,35,4.21,0.0,0.0,1
Customer 093,-73.84437929166077,40.692614111895054,36,4.28,0.0,0.0,1
Customer 094,-73.84342565090739,40.69384632036886,37,4.17,0.0,0.0,1
Customer 095,-73.82300862324279,40.687271326264124,38,4.45,0.0,0.0,1
Customer 096,,,,247.4,5.41,0.64,
